Collection year,DNA sample date,DNA sample time,Genetics ID,Sample ID,"Alternate ID 
(from collection)",DNA Plate #,Plate Location,Plate # - Location,Row (letter),Column (number),Qubit Concentration (ng/ul),Volume DNA remaining,Total DNA available (ng),Quantity in 190 uL,Vol. to send to Azenta,"Gel results 
(if available)",Fish Collection Date,Bay,Site,Total Length (mm),Wet Weight,Notes,"Wet weight w/o ""ice plug"""
2013,01/14/2025,11:00 AM,001,MHW001,NA,1,A1,Plate 1-A1,A,1,1.94,380,737,370,380,388,7/24/13,ALB,Lam. Pt.,59,0.85,,
2013,01/14/2025,,002,MHW002,NA,1,B1,Plate 1-B1,B,1,5.46,380,"2,075","1,040",190,,7/24/13,ALB,Lam. Pt.,51,0.46,,
2013,01/14/2025,,003,MHW003,NA,1,C1,Plate 1-C1,C,1,20.8,380,"7,904","3,950",190,,7/23/13,ALB,EG patches,39,0.43,,
2013,01/14/2025,,004,MHW004,NA,1,D1,Plate 1-D1,D,1,11,380,"4,180","2,090",190,,7/24/13,ALB,Cobble Pt.,48,0.84,,
2013,01/14/2025,,005,MHW005,NA,1,E1,Plate 1-E1,E,1,3.66,380,"1,391",700,380,,7/24/13,ALB,Cobble Pt.,60,1.05,,
2013,01/14/2025,,006,MHW006,NA,1,F1,Plate 1-F1,F,1,7.56,380,"2,873","1,440",190,,7/24/13,ALB,Cobble Pt.,47,0.57,,
2013,01/14/2025,,007,MHW007,NA,1,G1,Plate 1-G1,G,1,9.02,380,"3,428","1,710",190,,7/23/13,ALB,Eelgrass Pt.,46,0.52,,
2013,01/14/2025,,008,MHW008,NA,1,H1,Plate 1-H1,H,1,12.4,380,"4,712","2,360",190,,7/23/13,ALB,Eelgrass Pt.,47,0.8,,
2013,01/14/2025,,009,MHW009,NA,1,A2,Plate 1-A2,A,2,13.8,380,"5,244","2,620",190,,7/23/13,ALB,Eelgrass Pt.,45,0.75,,
2013,01/14/2025,,010,MHW010,NA,1,B2,Plate 1-B2,B,2,16.2,380,"6,156","3,080",190,,7/23/13,ALB,Eelgrass Pt.,55,1.3,,
2013,01/14/2025,,011,MHW011,NA,1,C2,Plate 1-C2,C,2,11.6,380,"4,408","2,200",190,,7/23/13,ALB,Eelgrass Pt.,51,1.05,,
2013,01/14/2025,12:30 PM,012,MHW012,NA,1,D2,Plate 1-D2,D,2,12.1,380,"4,598","2,300",190,,7/23/13,ALB,Eelgrass Pt.,48,0.82,,
2013,01/14/2025,,013,MHW013,NA,1,E2,Plate 1-E2,E,2,30.8,380,"11,704","5,850",190,,7/23/13,ALB,Eelgrass Pt.,37,0.37,,
2013,01/14/2025,,014,MHW014,NA,1,F2,Plate 1-F2,F,2,13.1,380,"4,978","2,490",190,,7/23/13,ALB,Eelgrass Pt.,58,1.52,,
2013,01/14/2025,,016,MHW016,NA,1,G2,Plate 1-G2,G,2,14.1,380,"5,358","2,680",190,,7/23/13,ALB,Eelgrass Pt.,43,0.54,,
2013,01/14/2025,,017,MHW017,NA,1,H2,Plate 1-H2,H,2,12.7,380,"4,826","2,410",190,,7/24/13,ALB,Eelgrass Pt.,40,0.41,,
2013,01/14/2025,,018,MHW018,NA,1,A3,Plate 1-A3,A,3,2.78,380,"1,056",530,380,556,7/24/13,ALB,Eelgrass Pt.,57,1,,
2013,01/14/2025,,019,MHW019,NA,1,B3,Plate 1-B3,B,3,5.42,380,"2,060","1,030",190,,7/24/13,ALB,Eelgrass Pt.,53,0.85,,
2013,01/14/2025,,020,MHW020,NA,1,C3,Plate 1-C3,C,3,7.14,380,"2,713","1,360",190,,7/24/13,ALB,Eelgrass Pt.,40,0.27,,
2013,01/14/2025,12:50 PM,021,MHW021,NA,1,D3,Plate 1-D3,D,3,5.8,380,"2,204","1,100",190,,7/24/13,ALB,Eelgrass Pt.,46,0.39,,
2013,01/14/2025,,022,MHW022,NA,1,E3,Plate 1-E3,E,3,6.3,380,"2,394","1,200",190,,7/24/13,ALB,Eelgrass Pt.,55,0.99,,
2013,01/14/2025,,023,MHW023,NA,1,F3,Plate 1-F3,F,3,7.24,380,"2,751","1,380",190,,7/24/13,ALB,Eelgrass Pt.,49,0.51,,
2008,01/15/2025,9:15 AM,097,MHW097,NA,1,G3,Plate 1-G3,G,3,7.58,380,"2,880","1,440",190,,7/14/08,ALB,Eelgrass Patches,45,0.62,,
2008,01/15/2025,,098,MHW098,NA,1,H3,Plate 1-H3,H,3,11.4,380,"4,332","2,170",190,,7/14/08,ALB,Eelgrass Patches,42,0.4,,
2008,01/15/2025,,099,MHW099,NA,1,A4,Plate 1-A4,A,4,6.54,380,"2,485","1,240",190,,7/14/08,ALB,Eelgrass Patches,42,0.36,,
2008,01/15/2025,,100,MHW100,NA,1,B4,Plate 1-B4,B,4,12.2,380,"4,636","2,320",190,,7/14/08,ALB,Eelgrass Patches,48,0.36,,
2008,01/15/2025,,101,MHW101,NA,1,C4,Plate 1-C4,C,4,13,380,"4,940","2,470",190,,7/14/08,ALB,Eelgrass Patches,43,0.36,,
2008,01/15/2025,,102,MHW102,NA,1,D4,Plate 1-D4,D,4,12.1,380,"4,598","2,300",190,,7/14/08,ALB,Eelgrass Patches,48,0.37,,
2008,01/15/2025,,103,MHW103,NA,1,E4,Plate 1-E4,E,4,19.6,380,"7,448","3,720",190,,7/14/08,ALB,Eelgrass Patches,45,0.43,,
2008,01/15/2025,,104,MHW104,NA,1,F4,Plate 1-F4,F,4,14.8,380,"5,624","2,810",190,,7/14/08,ALB,Eelgrass Patches,33,0.15,,
2008,01/15/2025,,105,MHW105,NA,1,G4,Plate 1-G4,G,4,18.7,380,"7,106","3,550",190,,7/14/08,ALB,Eelgrass Patches,43,0.55,,
2008,01/15/2025,,106,MHW106,NA,1,H4,Plate 1-H4,H,4,22.4,380,"8,512","4,260",190,,7/14/08,ALB,Eelgrass Patches,39,0.31,,
2008,01/15/2025,,107,MHW107,NA,1,A5,Plate 1-A5,A,5,6.66,380,"2,531","1,270",190,,7/14/08,ALB,Eelgrass Patches,50,0.65,fish missing some tissue from side,
2008,01/15/2025,9:50 AM,108,MHW108,NA,1,B5,Plate 1-B5,B,5,13.8,380,"5,244","2,620",190,,7/14/08,ALB,Eelgrass Patches,38,0.24,,
2008,01/15/2025,,109,MHW109,NA,1,C5,Plate 1-C5,C,5,19.7,380,"7,486","3,740",190,,7/14/08,ALB,Eelgrass Patches,46,0.39,,
2008,01/15/2025,,110,MHW110,NA,1,D5,Plate 1-D5,D,5,9.28,380,"3,526","1,760",190,,7/14/08,ALB,Eelgrass Patches,39,0.42,,
2008,01/15/2025,,111,MHW111,NA,1,E5,Plate 1-E5,E,5,27.8,380,"10,564","5,280",190,,7/14/08,ALB,Eelgrass Patches,46,0.54,,
2008,01/15/2025,,112,MHW112,NA,1,F5,Plate 1-F5,F,5,9.88,380,"3,754","1,880",190,,7/14/08,ALB,Eelgrass Patches,42,0.35,,
2008,01/15/2025,,113,MHW113,NA,1,G5,Plate 1-G5,G,5,7.6,380,"2,888","1,440",190,,7/14/08,ALB,Eelgrass Patches,42,0.31,,
2008,01/15/2025,,114,MHW114,NA,1,H5,Plate 1-H5,H,5,11,380,"4,180","2,090",190,,7/14/08,ALB,Eelgrass Patches,48,0.69,,
2008,01/15/2025,,116,MHW116,NA,1,A6,Plate 1-A6,A,6,15.1,380,"5,738","2,870",190,,7/14/08,ALB,Eelgrass Patches,50,0.78,,
2008,01/15/2025,,117,MHW117,NA,1,B6,Plate 1-B6,B,6,16.4,380,"6,232","3,120",190,,7/14/08,ALB,Eelgrass Patches,53,1.05,,
2008,01/15/2025,,118,MHW118,NA,1,C6,Plate 1-C6,C,6,19.7,380,"7,486","3,740",190,,7/14/08,ALB,Eelgrass Patches,48,0.58,,
2008,01/15/2025,,119,MHW119,NA,1,D6,Plate 1-D6,D,6,8.28,380,"3,146","1,570",190,,7/14/08,ALB,Eelgrass Patches,34,0.19,,
2012,01/14/2025,,069,MHW069,NA,1,E6,Plate 1-E6,E,6,39.8,380,"15,124","7,560",190,,7/13/12,ALB,Eel Pt.,51,1.03,,
2012,01/14/2025,,070,MHW070,NA,1,F6,Plate 1-F6,F,6,32.6,380,"12,388","6,190",190,,7/13/12,ALB,Eel Pt.,33,0.25,,
2012,01/14/2025,,071,MHW071,NA,1,G6,Plate 1-G6,G,6,20.8,380,"7,904","3,950",190,,7/13/12,ALB,Eel Pt.,30,0.22,,
2012,01/14/2025,,087,MHW087,NA,1,G6,Plate 1-G6,G,6,39.4,380,"14,972","7,490",190,,7/14/12,ALB,Backbay Laminaria,34,0.28,,
2012,01/14/2025,,072,MHW072,NA,1,H6,Plate 1-H6,H,6,39.4,380,"14,972","7,490",190,,7/13/12,ALB,Eel Pt.,45,0.72,,
2012,01/14/2025,,073,MHW073,NA,1,A7,Plate 1-A7,A,7,17.5,380,"6,650","3,330",190,,7/13/12,ALB,Eel Pt.,30,0.22,,
2012,01/14/2025,,074,MHW074,NA,1,B7,Plate 1-B7,B,7,40.2,380,"15,276","7,640",190,,7/14/12,ALB,Eel Pt.,46,0.73,,
2012,01/14/2025,,075,MHW075,NA,1,C7,Plate 1-C7,C,7,35.2,380,"13,376","6,690",190,,7/14/12,ALB,Eel Pt.,40,0.53,,
2012,01/14/2025,,076,MHW076,NA,1,D7,Plate 1-D7,D,7,19.1,380,"7,258","3,630",190,,7/14/12,ALB,Eel Pt.,31,0.22,,
2012,01/14/2025,,077,MHW077,NA,1,E7,Plate 1-E7,E,7,32,380,"12,160","6,080",190,,7/14/12,ALB,Eel Pt.,42,0.56,,
2012,01/14/2025,,078,MHW078,NA,1,F7,Plate 1-F7,F,7,12.4,380,"4,712","2,360",190,,7/14/12,ALB,Eel Pt.,38,0.47,,
2012,01/14/2025,,079,MHW079,NA,1,G7,Plate 1-G7,G,7,31.6,380,"12,008","6,000",190,,7/14/12,ALB,Backbay Laminaria,46,0.74,,
2012,01/14/2025,,080,MHW080,NA,1,H7,Plate 1-H7,H,7,30.4,380,"11,552","5,780",190,,7/14/12,ALB,Backbay Laminaria,50,0.92,,
2012,01/14/2025,,081,MHW081,NA,1,A8,Plate 1-A8,A,8,19,380,"7,220","3,610",190,,7/14/12,ALB,Backbay Laminaria,39,0.43,,
2012,01/14/2025,3:55 PM,082,MHW082,NA,1,B8,Plate 1-B8,B,8,52,380,"19,760","9,880",190,,7/14/12,ALB,Backbay Laminaria,49,0.97,,
2012,01/14/2025,,083,MHW083,NA,1,C8,Plate 1-C8,C,8,31.8,380,"12,084","6,040",190,,7/14/12,ALB,Backbay Laminaria,50,0.91,,
2012,01/14/2025,,084,MHW084,NA,1,D8,Plate 1-D8,D,8,39,380,"14,820","7,410",190,,7/14/12,ALB,Backbay Laminaria,45,0.66,,
2012,01/14/2025,,085,MHW085,NA,1,E8,Plate 1-E8,E,8,18.2,380,"6,916","3,460",190,,7/14/12,ALB,Backbay Laminaria,37,0.38,,
2012,01/14/2025,,086,MHW086,NA,1,F8,Plate 1-F8,F,8,33.2,380,"12,616","6,310",190,,7/14/12,ALB,Backbay Laminaria,49,0.89,,
2012,01/14/2025,,088,MHW088,NA,1,H8,Plate 1-H8,H,8,32.4,380,"12,312","6,160",190,,7/14/12,ALB,Backbay Laminaria,47,0.79,,
2012,01/14/2025,,089,MHW089,NA,1,A9,Plate 1-A9,A,9,38.8,380,"14,744","7,370",190,,7/14/12,ALB,Backbay Laminaria,45,0.58,,
2012,01/14/2025,,090,MHW090,NA,1,B9,Plate 1-B9,B,9,26.2,380,"9,956","4,980",190,,7/14/12,ALB,Backbay Laminaria,41,0.59,,
2013,01/14/2025,,015,MHW015,NA,1,C9,Plate 1-C9,C,9,18.3,380,"6,954","3,480",190,,7/23/13,ALB,Eelgrass Pt.,46,0.72,,
2019,01/15/2025,,176,MHW176,NA,1,D9,Plate 1-D9,D,9,21.2,380,"8,056","4,030",190,,7/14/19,ALB,Laminaria Pt Bag 1,51,0.74,water logged,
2019,01/15/2025,,177,MHW177,NA,1,E9,Plate 1-E9,E,9,26.8,380,"10,184","5,090",190,,7/13/19,ALB,Laminaria Pt Bag 3,46,0.76,,
2019,01/15/2025,,178,MHW178,NA,1,F9,Plate 1-F9,F,9,28,380,"10,640","5,320",190,,7/13/19,ALB,Eelgrass Pt Bag 3,55,1.27,,
2019,01/15/2025,,179,MHW179,NA,1,H9,Plate 1-H9,H,9,24.2,380,"9,196","4,600",190,,7/13/19,ALB,Eelgrass Pt Bag 3,49,0.84,,
2019,01/15/2025,,180,MHW180,NA,1,H9,Plate 1-H9,H,9,21,380,"7,980","3,990",190,,7/13/19,ALB,Eelgrass Pt Bag 3,45,0.61,,
2019,01/15/2025,,181,MHW181,NA,1,A10,Plate 1-A10,A,10,16.1,380,"6,118","3,060",190,,7/13/19,ALB,Eelgrass Pt Bag 3,50,0.95,,
2019,01/15/2025,,182,MHW182,NA,1,B10,Plate 1-B10,B,10,16.8,380,"6,384","3,190",190,,7/13/19,ALB,Eelgrass Pt Bag 3,46,0.73,,
2019,01/15/2025,,183,MHW183,NA,1,C10,Plate 1-C10,C,10,23.4,380,"8,892","4,450",190,,7/13/19,ALB,Eelgrass Pt Bag 3,44,0.66,,
2019,01/15/2025,,184,MHW184,NA,1,D10,Plate 1-D10,D,10,23.6,380,"8,968","4,480",190,,7/13/19,ALB,Eelgrass Pt Bag 3,49,0.89,,
2019,01/15/2025,,185,MHW185,NA,1,E10,Plate 1-E10,E,10,16.4,380,"6,232","3,120",190,,7/13/19,ALB,Eelgrass Pt Bag 3,54,1.19,,
2016,01/15/2025,,196,MHW196,NA,1,F10,Plate 1-F10,F,10,10,380,"3,800","1,900",190,,7/16/16,ALB,Laminaria Pt,60,1.33,,
2016,01/15/2025,,197,MHW197,NA,1,G10,Plate 1-G10,G,10,13.5,380,"5,130","2,570",190,,7/17/16,ALB,Laminaria Pt,52,0.83,water logged,
2016,01/15/2025,,198,MHW198,NA,1,H10,Plate 1-H10,H,10,15.3,380,"5,814","2,910",190,,7/17/16,ALB,Back Bay Laminaria #2,86,4.35,water logged,
2016,01/15/2025,,199,MHW199,NA,1,A11,Plate 1-A11,A,11,8.06,380,"3,063","1,530",190,,7/17/16,ALB,Back Bay Laminaria #2,61,1.75,,
2016,01/15/2025,,200,MHW200,NA,1,B11,Plate 1-B11,B,11,20.8,380,"7,904","3,950",190,,7/17/16,ALB,Back Bay Laminaria #2,86,6.05,,
2016,01/15/2025,,201,MHW201,NA,1,C11,Plate 1-C11,C,11,8.56,380,"3,253","1,630",190,,7/17/16,ALB,Back Bay Laminaria #2,60,1.6,,
2016,01/15/2025,,202,MHW202,NA,1,D11,Plate 1-D11,D,11,11.3,380,"4,294","2,150",190,,7/16/16,ALB,Eelgrass patches,70,2.26,,
2016,01/15/2025,,210,MHW210,NA,1,D11,Plate 1-D11,D,11,15.2,380,"5,776","2,890",190,,7/19/16,ALB,"Extra site around point from eelgrass patches, bag 1",65,2.01,,
2016,01/15/2025,,203,MHW203,NA,1,E11,Plate 1-E11,E,11,14.2,380,"5,396","2,700",190,,7/16/16,ALB,Eelgrass patches,62,1.8,,
2016,01/15/2025,,204,MHW204,NA,1,F11,Plate 1-F11,F,11,10.3,380,"3,914","1,960",190,,7/16/16,ALB,Eelgrass patches,67,2.35,,
2016,01/15/2025,,205,MHW205,NA,1,G11,Plate 1-G11,G,11,6.28,380,"2,386","1,190",190,,7/17/16,ALB,Cobble Pt,75,2.8,water logged,
2016,01/15/2025,,206,MHW206,NA,1,H11,Plate 1-H11,H,11,4.12,380,"1,566",780,190,,7/16/16,ALB,Back Bay Laminaria,68,1.94,extra water logged,
2016,01/15/2025,,207,MHW207,NA,1,A12,Plate 1-A12,A,12,5.26,380,"1,999","1,000",190,,7/16/16,ALB,Back Bay Laminaria,69,2.53,water logged,
2016,01/15/2025,,208,MHW208,NA,1,B12,Plate 1-B12,B,12,24.8,380,"9,424","4,710",190,,7/19/16,ALB,"Extra site around point from eelgrass patches, bag 1",68,2.12,,
2016,01/15/2025,,209,MHW209,NA,1,C12,Plate 1-C12,C,12,13.7,380,"5,206","2,600",190,,7/19/16,ALB,"Extra site around point from eelgrass patches, bag 1",63,1.84,,
2016,01/15/2025,,211,MHW211,NA,1,E12,Plate 1-E12,E,12,10.5,380,"3,990","2,000",190,,7/19/16,ALB,"Extra site around point from eelgrass patches, bag 1",69,2.66,,
2016,01/15/2025,,212,MHW212,NA,1,F12,Plate 1-F12,F,12,16,380,"6,080","3,040",190,,7/19/16,ALB,"Extra site around point from eelgrass patches, bag 1",70,2.56,,
2016,01/15/2025,,213,MHW213,NA,1,G12,Plate 1-G12,G,12,12.4,380,"4,712","2,360",190,,7/19/16,ALB,"Extra site around point from eelgrass patches, bag 1",68,2.57,,
2016,01/15/2025,,214,MHW214,NA,1,H12,Plate 1-H12,H,12,19,380,"7,220","3,610",190,,7/19/16,ALB,"Extra site around point from eelgrass patches, bag 1",57,1.31,,
2016,01/15/2025,,215,MHW215,NA,2,A1,Plate 2-A1,A,1,18.3,380,"6,954","3,480",190,good,7/19/16,ALB,"Extra site around point from eelgrass patches, bag 1",60,1.55,,
2016,01/15/2025,,216,MHW216,NA,2,B1,Plate 2-B1,B,1,33.2,380,"12,616","6,310",190,,7/19/16,ALB,"Extra site around point from eelgrass patches, bag 1",67,3,,
2016,01/15/2025,,217,MHW217,NA,2,C1,Plate 2-C1,C,1,31.2,380,"11,856","5,930",190,,7/19/16,ALB,"Extra site around point from eelgrass patches, bag 1",88,5.8,,
2016,01/15/2025,,218,MHW218,NA,2,D1,Plate 2-D1,D,1,34.2,380,"12,996","6,500",190,,7/17/16,ALB,"Extra site around point from eelgrass patches, bag 2",85,4.92,,4.52
2023,1/16/2025,,289,MHW289,BL3217,2,E1,Plate 2-E1,E,1,31.8,380,"12,084","6,040",190,,7/17/2023,ALB,Back Bay Eelgrass,80,4.515,stats collected when caught,
2023,1/16/2025,,297,MHW297,BL3214,2,E1,Plate 2-E1,E,1,42.8,380,"16,264","8,130",190,,7/15/2023,ALB,Laminaria Point,46,0.545,stats collected when caught,
2023,1/16/2025,,305,MHW305,BL3207,2,E1,Plate 2-E1,E,1,23.6,380,"8,968","4,480",190,,7/15/2023,ALB,Eel grass Point,52,1.169,stats collected when caught,
2023,1/16/2025,,290,MHW290,BL3216,2,F1,Plate 2-F1,F,1,26.2,380,"9,956","4,980",190,,7/17/2023,ALB,Back Bay Eelgrass,85,5.125,stats collected when caught,
2023,1/16/2025,,291,MHW291,BL3220,2,G1,Plate 2-G1,G,1,17.7,380,"6,726","3,360",190,,7/17/2023,ALB,Back Bay Eelgrass,80,4.022,stats collected when caught,
2023,1/16/2025,,292,MHW292,BL3219,2,H1,Plate 2-H1,H,1,18.1,380,"6,878","3,440",190,,7/17/2023,ALB,Back Bay Eelgrass,74,3.667,stats collected when caught,
2023,1/16/2025,,293,MHW293,BL3218,2,A2,Plate 2-A2,A,2,24,380,"9,120","4,560",190,good,7/17/2023,ALB,Back Bay Eelgrass,75,3.612,stats collected when caught,
2023,1/16/2025,,294,MHW294,BL3212,2,B2,Plate 2-B2,B,2,30.4,380,"11,552","5,780",190,,7/15/2023,ALB,Laminaria Point,38,0.381,stats collected when caught,
2023,1/16/2025,,295,MHW295,BL3211,2,C2,Plate 2-C2,C,2,39.4,380,"14,972","7,490",190,,7/15/2023,ALB,Laminaria Point,42,0.547,stats collected when caught,
2023,1/16/2025,,296,MHW296,BL3215,2,D2,Plate 2-D2,D,2,69.4,380,"26,372","13,190",190,,7/15/2023,ALB,Laminaria Point,59,1.488,stats collected when caught,
2023,1/16/2025,,298,MHW298,BL3210,2,F2,Plate 2-F2,F,2,41.2,380,"15,656","7,830",190,,7/15/2023,ALB,Laminaria Point,42,0.598,stats collected when caught,
2023,1/16/2025,,299,MHW299,BL3213,2,G2,Plate 2-G2,G,2,29.2,380,"11,096","5,550",190,,7/15/2023,ALB,Laminaria Point,42,0.518,stats collected when caught,
2023,1/16/2025,,300,MHW300,BL3209,2,H2,Plate 2-H2,H,2,28,380,"10,640","5,320",190,,7/15/2023,ALB,Eel grass Point,75,3.381,stats collected when caught,
2023,1/16/2025,,301,MHW301,BL3205,2,A3,Plate 2-A3,A,3,22.4,380,"8,512","4,260",190,good,7/15/2023,ALB,Eel grass Point,40,0.452,stats collected when caught,
2023,1/16/2025,,302,MHW302,BL3206,2,B3,Plate 2-B3,B,3,18.6,380,"7,068","3,530",190,,7/15/2023,ALB,Eel grass Point,38,0.411,stats collected when caught,
2023,1/16/2025,,303,MHW303,BL3208,2,C3,Plate 2-C3,C,3,31.8,380,"12,084","6,040",190,,7/15/2023,ALB,Eel grass Point,53,1.223,stats collected when caught,
2023,1/16/2025,,304,MHW304,BL3204,2,D3,Plate 2-D3,D,3,18.7,380,"7,106","3,550",190,,7/15/2023,ALB,Eel grass Point,43,0.61,stats collected when caught,
2023,1/16/2025,,306,MHW306,BL3203,2,F3,Plate 2-F3,F,3,36.6,380,"13,908","6,950",190,,7/15/2023,ALB,Eel grass Point,43,0.639,stats collected when caught,
2023,1/16/2025,,307,MHW307,BL3199,2,G3,Plate 2-G3,G,3,15.1,380,"5,738","2,870",190,,7/15/2023,ALB,Eel grass Point,38,0.419,stats collected when caught,
2023,1/16/2025,,308,MHW308,BL3201,2,H3,Plate 2-H3,H,3,30.8,380,"11,704","5,850",190,,7/15/23,ALB,,,,stats collected when caught,
2023,1/16/2025,,309,MHW309,BL3200,2,A4,Plate 2-A4,A,4,22.2,380,"8,436","4,220",190,good,7/15/23,ALB,,,,stats collected when caught,
2023,1/16/2025,,310,MHW310,BL3202,2,B4,Plate 2-B4,B,4,11.8,380,"4,484","2,240",190,,7/15/23,ALB,,,,stats collected when caught,
2008,01/15/2025,,115,MHW115,NA,2,C4,Plate 2-C4,C,4,15.6,380,"5,928","2,960",190,,7/14/08,ALB,Eelgrass Patches,45,0.57,,
2012,01/14/2025,,047,MHW047,NA,2,D4,Plate 2-D4,D,4,35.8,380,"13,604","6,800",190,,7/13/12,ALB,Copple Pt ?,NA,0.28,"Says ""Bear Pt"", length is ""30-something""",
2012,01/14/2025,,048,MHW048,NA,2,E4,Plate 2-E4,E,4,48.8,380,"18,544","9,270",190,,7/13/12,ALB,Copple Pt ?,41,0.46,"Says ""Bear Pt""",
2012,01/14/2025,,056,MHW056,NA,2,E4,Plate 2-E4,E,4,32.6,380,"12,388","6,190",190,,7/13/12,ALB,Eelgrass Pt.,39,0.45,,
2012,01/14/2025,,049,MHW049,NA,2,F4,Plate 2-F4,F,4,44.2,380,"16,796","8,400",190,,7/13/12,ALB,Copple Pt ?,40,0.47,"Says ""Bear Pt""",
2012,01/14/2025,,050,MHW050,NA,2,G4,Plate 2-G4,G,4,20.4,380,"7,752","3,880",190,,7/13/12,ALB,Copple Pt ?,39,0.45,"Says ""Bear Pt""",
2012,01/14/2025,,051,MHW051,NA,2,H4,Plate 2-H4,H,4,42,380,"15,960","7,980",190,,7/13/12,ALB,Copple Pt ?,40,0.52,"Says ""Bear Pt""",
2012,01/14/2025,,052,MHW052,NA,2,A5,Plate 2-A5,A,5,24.8,380,"9,424","4,710",190,okay,7/13/12,ALB,Copple Pt ?,43,0.69,"Says ""Bear Pt""",
2012,01/14/2025,,053,MHW053,NA,2,B5,Plate 2-B5,B,5,17.8,380,"6,764","3,380",190,,7/13/12,ALB,Copple Pt ?,38,0.48,"Says ""Bear Pt""",
2012,01/14/2025,,054,MHW054,NA,2,C5,Plate 2-C5,C,5,26,380,"9,880","4,940",190,,7/13/12,ALB,Eelgrass Pt.,47,0.86,,
2012,01/14/2025,,055,MHW055,NA,2,D5,Plate 2-D5,D,5,20.4,380,"7,752","3,880",190,,7/13/12,ALB,Eelgrass Pt.,39,0.35,,
2012,01/14/2025,,057,MHW057,NA,2,F5,Plate 2-F5,F,5,43.8,380,"16,644","8,320",190,,7/13/12,ALB,Eelgrass Pt.,34,0.38,,
2012,01/14/2025,,058,MHW058,NA,2,G5,Plate 2-G5,G,5,4.6,380,"1,748",870,190,,7/13/12,ALB,Eelgrass Pt.,38,0.42,,
2012,01/14/2025,,059,MHW059,NA,2,H5,Plate 2-H5,H,5,41.6,380,"15,808","7,900",190,,7/13/12,ALB,Eelgrass Pt.,44,0.69,,
2012,01/14/2025,,060,MHW060,NA,2,A6,Plate 2-A6,A,6,20.2,380,"7,676","3,840",190,good,7/13/12,ALB,Eelgrass Pt.,46,0.78,,
2012,01/14/2025,,061,MHW061,NA,2,B6,Plate 2-B6,B,6,46.6,380,"17,708","8,850",190,,7/13/12,ALB,Eelgrass Pt.,51,1.19,,
2012,01/14/2025,,062,MHW062,NA,2,C6,Plate 2-C6,C,6,37.8,380,"14,364","7,180",190,,7/13/12,ALB,Eelgrass Pt.,34,0.26,,
2012,01/14/2025,,063,MHW063,NA,2,D6,Plate 2-D6,D,6,47.6,380,"18,088","9,040",190,,7/13/12,ALB,Eelgrass Pt.,48,0.94,,
2012,01/14/2025,,064,MHW064,NA,2,E6,Plate 2-E6,E,6,31,380,"11,780","5,890",190,,7/13/12,ALB,Eel Pt.,35,0.3,,
2012,01/14/2025,,065,MHW065,NA,2,F6,Plate 2-F6,F,6,34.2,380,"12,996","6,500",190,,7/13/12,ALB,Eel Pt.,45,0.82,,
2012,01/14/2025,3:20 PM,066,MHW066,NA,2,G6,Plate 2-G6,G,6,47.6,380,"18,088","9,040",190,,7/13/12,ALB,Eel Pt.,37,0.37,,
2012,01/14/2025,,067,MHW067,NA,2,H6,Plate 2-H6,H,6,48.2,380,"18,316","9,160",190,,7/13/12,ALB,Eel Pt.,44,0.68,,
2012,01/14/2025,,068,MHW068,NA,2,A7,Plate 2-A7,A,7,28.6,380,"10,868","5,430",190,okay,7/13/12,ALB,Eel Pt.,39,0.46,,
2022,1/16/2025,,335,MHW335,,2,B7,Plate 2-B7,B,7,32.4,380,"12,312","6,160",190,,7/14/22,ALB,Eelgrass pt,59,1.36,,
2022,1/16/2025,,336,MHW336,,2,C7,Plate 2-C7,C,7,36.4,380,"13,832","6,920",190,,7/14/22,ALB,Eelgrass pt,52,1.04,,
2022,1/16/2025,,337,MHW337,,2,D7,Plate 2-D7,D,7,43,380,"16,340","8,170",190,,7/14/22,ALB,Eelgrass pt,73,3.43,,
2022,1/16/2025,,338,MHW338,,2,E7,Plate 2-E7,E,7,35.2,380,"13,376","6,690",190,,7/14/22,ALB,Eelgrass pt,50,1.01,,
2022,1/16/2025,,339,MHW339,,2,F7,Plate 2-F7,F,7,45.8,380,"17,404","8,700",190,,7/14/22,ALB,Eelgrass pt,43,0.62,,
2022,1/16/2025,,340,MHW340,,2,G7,Plate 2-G7,G,7,60.8,380,"23,104","11,550",190,,7/14/22,ALB,Eelgrass pt,40,0.4,,
2022,1/16/2025,,341,MHW341,,2,H7,Plate 2-H7,H,7,39,380,"14,820","7,410",190,,7/14/22,ALB,Eelgrass pt,71,3.27,,
2022,1/16/2025,,342,MHW342,,2,A8,Plate 2-A8,A,8,29.6,380,"11,248","5,620",190,okay,7/14/22,ALB,Eelgrass pt,51,1.1,,
2022,1/16/2025,,343,MHW343,,2,B8,Plate 2-B8,B,8,27.4,380,"10,412","5,210",190,,7/14/22,ALB,Eelgrass pt,38,0.36,,
2022,1/16/2025,,344,MHW344,,2,C8,Plate 2-C8,C,8,48,380,"18,240","9,120",190,,7/14/22,ALB,Eelgrass pt,76,3.55,,
2014,01/15/2025,11:10 AM,136,MHW136,NA,2,D8,Plate 2-D8,D,8,22.2,380,"8,436","4,220",190,,7/16/14,ALB,Cobble Pt. Bag 1,49,0.49,,
2014,01/15/2025,,137,MHW137,NA,2,E8,Plate 2-E8,E,8,26.2,380,"9,956","4,980",190,,7/16/14,ALB,Cobble Pt. Bag 1,69,2.39,,
2014,01/15/2025,,138,MHW138,NA,2,F8,Plate 2-F8,F,8,27.8,380,"10,564","5,280",190,,7/16/14,ALB,Cobble Pt. Bag 1,60,1.6,,
2014,01/15/2025,,139,MHW139,NA,2,G8,Plate 2-G8,G,8,39,380,"14,820","7,410",190,,7/16/14,ALB,Cobble Pt. Bag 1,55,0.93,,
2014,01/15/2025,,140,MHW140,NA,2,H8,Plate 2-H8,H,8,24.2,380,"9,196","4,600",190,,7/16/14,ALB,Cobble Pt. Bag 1,59,1.41,,
2014,01/15/2025,,141,MHW141,NA,2,A9,Plate 2-A9,A,9,22,380,"8,360","4,180",190,good,7/16/14,ALB,Cobble Pt. Bag 1,59,1.34,,
2014,01/15/2025,,142,MHW142,NA,2,B9,Plate 2-B9,B,9,14.7,380,"5,586","2,790",190,,7/16/14,ALB,Cobble Pt. Bag 1,62,1.66,,
2014,01/15/2025,,143,MHW143,NA,2,C9,Plate 2-C9,C,9,16.6,380,"6,308","3,150",190,,7/16/14,ALB,Cobble Pt. Bag 1,50,0.77,,
2014,01/15/2025,,144,MHW144,NA,2,D9,Plate 2-D9,D,9,32.4,380,"12,312","6,160",190,,7/16/14,ALB,Cobble Pt. Bag 1,60,1.25,,
2014,01/15/2025,12:50 PM,145,MHW145,NA,2,E9,Plate 2-E9,E,9,51.2,380,"19,456","9,730",190,,7/16/14,ALB,Cobble Pt. Bag 1,58,1.3,,
2014,01/15/2025,,146,MHW146,NA,2,F9,Plate 2-F9,F,9,37.6,380,"14,288","7,140",190,,7/16/14,ALB,Cobble Pt. Bag 2,52,0.94,,
2014,01/15/2025,,147,MHW147,NA,2,G9,Plate 2-G9,G,9,36.2,380,"13,756","6,880",190,,7/16/14,ALB,Cobble Pt. Bag 2,48,0.62,,
2014,01/15/2025,,148,MHW148,NA,2,H9,Plate 2-H9,H,9,35.2,380,"13,376","6,690",190,,7/16/14,ALB,Cobble Pt. Bag 2,53,1.03,,
2014,01/15/2025,,149,MHW149,NA,2,A10,Plate 2-A10,A,10,17.7,380,"6,726","3,360",190,good,7/16/14,ALB,Cobble Pt. Bag 2,62,1.53,,
2014,01/15/2025,,150,MHW150,NA,2,B10,Plate 2-B10,B,10,29.2,380,"11,096","5,550",190,,7/16/14,ALB,Cobble Pt. Bag 2,55,1.14,,
2014,01/15/2025,,151,MHW151,NA,2,C10,Plate 2-C10,C,10,28,380,"10,640","5,320",190,,7/16/14,ALB,Cobble Pt. Bag 2,47,0.77,,
2014,01/15/2025,,152,MHW152,NA,2,D10,Plate 2-D10,D,10,40.6,380,"15,428","7,710",190,,7/16/14,ALB,Cobble Pt. Bag 2,57,1.35,,
2014,01/15/2025,,153,MHW153,NA,2,E10,Plate 2-E10,E,10,37,380,"14,060","7,030",190,,7/16/14,ALB,Cobble Pt. Bag 2,61,1.94,,
2014,01/15/2025,1:15 PM,154,MHW154,NA,2,F10,Plate 2-F10,F,10,23,380,"8,740","4,370",190,,7/16/14,ALB,Cobble Pt. Bag 2,45,0.7,,
2014,01/15/2025,,155,MHW155,NA,2,G10,Plate 2-G10,G,10,28.2,380,"10,716","5,360",190,,7/16/14,ALB,Cobble Pt. Bag 2,53,1.01,,
2013,01/14/2025,,024,MHW024,NA,2,H10,Plate 2-H10,H,10,5.58,380,"2,120","1,060",190,,7/23/13,ALB,Eelgrass Pt.,48,0.33,,
2013,01/14/2025,,025,MHW025,NA,2,A11,Plate 2-A11,A,11,6.52,380,"2,478","1,240",190,not good,7/23/13,ALB,Eelgrass Pt.,50,0.6,,
2013,01/14/2025,,026,MHW026,NA,2,B11,Plate 2-B11,B,11,8.08,380,"3,070","1,540",190,,7/23/13,ALB,Eelgrass Pt.,44,0.43,,
2013,01/14/2025,,027,MHW027,NA,2,C11,Plate 2-C11,C,11,3.46,380,"1,315",660,380,692,7/23/13,ALB,Eelgrass Pt.,40,0.28,,
2013,01/14/2025,,028,MHW028,NA,2,D11,Plate 2-D11,D,11,10.7,380,"4,066","2,030",190,,7/23/13,ALB,Eelgrass Pt.,52,0.6,,
2013,01/14/2025,,029,MHW029,NA,2,E11,Plate 2-E11,E,11,5.24,380,"1,991","1,000",190,,7/23/13,ALB,Eelgrass Pt.,41,0.32,,
2013,01/14/2025,,030,MHW030,NA,2,F11,Plate 2-F11,F,11,8.3,380,"3,154","1,580",190,,7/23/13,ALB,Eelgrass Pt.,45,0.43,,
2013,01/14/2025,,031,MHW031,NA,2,G11,Plate 2-G11,G,11,7.36,380,"2,797","1,400",190,,7/23/13,ALB,Eelgrass Pt.,45,0.41,,
2013,01/14/2025,,032,MHW032,NA,2,H11,Plate 2-H11,H,11,21.8,380,"8,284","4,140",190,,7/23/13,ALB,Eelgrass Pt.,47,0.65,,
2013,01/14/2025,1:20 PM,033,MHW033,NA,2,A12,Plate 2-A12,A,12,13.5,380,"5,130","2,570",190,good,7/23/13,ALB,Eelgrass Pt.,52,0.92,,
2013,01/14/2025,,034,MHW034,NA,2,B12,Plate 2-B12,B,12,12.6,380,"4,788","2,390",190,,7/23/13,ALB,Eelgrass Pt.,52,1.18,,
2013,01/14/2025,,035,MHW035,NA,2,C12,Plate 2-C12,C,12,20.2,380,"7,676","3,840",190,,7/23/13,ALB,Eelgrass Pt.,52,1.01,,
2013,01/14/2025,,036,MHW036,NA,2,D12,Plate 2-D12,D,12,30.6,380,"11,628","5,810",190,,7/23/13,ALB,Eelgrass Pt.,46,0.54,,
2013,01/14/2025,,037,MHW037,NA,2,E12,Plate 2-E12,E,12,28.8,380,"10,944","5,470",190,,7/23/13,ALB,Eelgrass Pt.,55,1.31,,
2013,01/14/2025,,038,MHW038,NA,2,F12,Plate 2-F12,F,12,22.4,380,"8,512","4,260",190,,7/23/13,ALB,Eelgrass Pt.,50,1.05,,
2013,01/14/2025,,039,MHW039,NA,2,G12,Plate 2-G12,G,12,27.8,380,"10,564","5,280",190,,7/23/13,ALB,Eelgrass Pt.,49,0.98,,
2013,01/14/2025,,040,MHW040,NA,2,H12,Plate 2-H12,H,12,30,380,"11,400","5,700",190,,7/23/13,ALB,Eelgrass Pt.,38,0.44,,
2013,01/14/2025,,041,MHW041,NA,3,A1,Plate 3-A1,A,1,14.2,380,"5,396","2,700",190,okay,7/23/13,ALB,Eelgrass Pt.,39,0.42,,
2013,01/14/2025,1:40 PM,042,MHW042,NA,3,B1,Plate 3-B1,B,1,19.9,380,"7,562","3,780",190,,7/23/13,ALB,Eelgrass Pt.,51,1.03,,
2013,01/14/2025,,043,MHW043,NA,3,C1,Plate 3-C1,C,1,15.8,380,"6,004","3,000",190,,7/23/13,ALB,Eelgrass Pt.,39,0.49,,
2013,01/14/2025,,044,MHW044,NA,3,D1,Plate 3-D1,D,1,15.4,380,"5,852","2,930",190,,7/23/13,ALB,Eelgrass Pt.,48,0.77,,
2013,01/14/2025,1:55 PM,045,MHW045,NA,3,E1,Plate 3-E1,E,1,21.8,380,"8,284","4,140",190,,7/23/13,ALB,Eelgrass Pt.,46,0.7,,
2013,01/14/2025,,046,MHW046,NA,3,F1,Plate 3-F1,F,1,15.3,380,"5,814","2,910",190,,7/23/13,ALB,Eelgrass Pt.,46,0.73,,
2008,01/15/2025,,120,MHW120,NA,3,G1,Plate 3-G1,G,1,10.8,380,"4,104","2,050",190,,7/14/08,ALB,Eelgrass Patches,48,0.54,,
2008,01/15/2025,,121,MHW121,NA,3,H1,Plate 3-H1,H,1,20.4,380,"7,752","3,880",190,,7/14/08,ALB,Eelgrass Patches,43,0.52,,
2008,01/15/2025,,122,MHW122,NA,3,A2,Plate 3-A2,A,2,14.8,380,"5,624","2,810",190,not good,7/14/08,ALB,Eelgrass Patches,44,0.65,,
2008,01/15/2025,,123,MHW123,NA,3,B2,Plate 3-B2,B,2,13.8,380,"5,244","2,620",190,,7/14/08,ALB,Eelgrass Patches,39,0.43,,
2008,01/15/2025,,124,MHW124,NA,3,C2,Plate 3-C2,C,2,6.52,380,"2,478","1,240",190,,7/14/08,ALB,Eelgrass Patches,43,0.48,,
2008,01/15/2025,,125,MHW125,NA,3,D2,Plate 3-D2,D,2,17.1,380,"6,498","3,250",190,,7/14/08,ALB,Eelgrass Patches,45,0.69,,
2008,01/15/2025,,126,MHW126,NA,3,E2,Plate 3-E2,E,2,10.1,380,"3,838","1,920",190,,7/14/08,ALB,Eelgrass Patches,39,0.34,,
2008,01/15/2025,,127,MHW127,NA,3,F2,Plate 3-F2,F,2,9.06,380,"3,443","1,720",190,,7/14/08,ALB,Eelgrass Patches,29,0.15,,
2008,01/15/2025,,128,MHW128,NA,3,G2,Plate 3-G2,G,2,31.4,380,"11,932","5,970",190,,7/14/08,ALB,Eelgrass Patches,49,0.66,,
2008,01/15/2025,,129,MHW129,NA,3,H2,Plate 3-H2,H,2,22.8,380,"8,664","4,330",190,,7/14/08,ALB,Eelgrass Patches,48,0.73,,
2008,01/15/2025,,130,MHW130,NA,3,A3,Plate 3-A3,A,3,13.7,380,"5,206","2,600",190,not good,7/14/08,ALB,Eelgrass Patches,40,0.32,,
2008,01/15/2025,,131,MHW131,NA,3,B3,Plate 3-B3,B,3,9.62,380,"3,656","1,830",190,,7/14/08,ALB,Eelgrass Patches,47,0.62,,
2008,01/15/2025,,132,MHW132,NA,3,C3,Plate 3-C3,C,3,13,380,"4,940","2,470",190,,7/14/08,ALB,Eelgrass Patches,36,0.27,,
2008,01/15/2025,,133,MHW133,NA,3,D3,Plate 3-D3,D,3,20.6,380,"7,828","3,910",190,,7/14/08,ALB,Eelgrass Patches,44,0.45,,
2008,01/15/2025,,134,MHW134,NA,3,E3,Plate 3-E3,E,3,23.8,380,"9,044","4,520",190,,7/14/08,ALB,Eelgrass Patches,50,0.52,,
2008,01/15/2025,10:50 AM,135,MHW135,NA,3,F3,Plate 3-F3,F,3,6.3,380,"2,394","1,200",190,,7/14/08,ALB,Eelgrass Patches,42,0.4,,
2022,1/16/2025,,263,MHW263,BL3548,3,G3,Plate 3-G3,G,3,24.8,380,"9,424","4,710",190,,7/13/2022,ALB,Eelgrass Patches,39,0.3653,stats collected when caught,
2022,1/16/2025,,265,MHW265,BL3524,3,H3,Plate 3-H3,H,3,24.8,380,"9,424","4,710",190,,7/14/2022,ALB,Back Bay Eelgrass,75,3.834,stats collected when caught,
2022,1/16/2025,,267,MHW267,BL3538,3,A4,Plate 3-A4,A,4,24.8,380,"9,424","4,710",190,okay,7/12/2022,ALB,Cobble Point Bare,34,0.2965,stats collected when caught,
2022,1/16/2025,,268,MHW268,BL3529,3,B4,Plate 3-B4,B,4,35.2,380,"13,376","6,690",190,,7/13/2022,ALB,Eelgrass Patches,55,1.2203,stats collected when caught,
2022,1/16/2025,,269,MHW269,BL3537,3,C4,Plate 3-C4,C,4,48.8,380,"18,544","9,270",190,,7/12/2022,ALB,Cobble Point,41,0.519,stats collected when caught,
2022,1/16/2025,,270,MHW270,BL3535,3,D4,Plate 3-D4,D,4,19.7,380,"7,486","3,740",190,,7/13/2022,ALB,Eelgrass Patches,34,0.2146,stats collected when caught,
2022,1/16/2025,,271,MHW271,BL3531,3,E4,Plate 3-E4,E,4,17.7,380,"6,726","3,360",190,,7/13/2022,ALB,Eelgrass Patches,58,1.5133,stats collected when caught,
2022,1/16/2025,,279,MHW279,BL3539,3,E4,Plate 3-E4,E,4,38.4,380,"14,592","7,300",190,,7/12/2022,ALB,Cobble Point,42,0.6856,stats collected when caught,
2022,1/16/2025,,272,MHW272,BL3525,3,F4,Plate 3-F4,F,4,24.2,380,"9,196","4,600",190,,7/14/2022,ALB,Back Bay Eelgrass,77,3.6852,stats collected when caught,
2022,1/16/2025,,273,MHW273,BL3517,3,G4,Plate 3-G4,G,4,36,380,"13,680","6,840",190,,7/14/2022,ALB,Laminaria #1,61,1.7452,stats collected when caught,
2022,1/16/2025,,274,MHW274,BL3523,3,H4,Plate 3-H4,H,4,46.6,380,"17,708","8,850",190,,7/14/2022,ALB,Eelgrass Patches,47,0.7689,stats collected when caught,
2022,1/16/2025,,275,MHW275,BL3527,3,A5,Plate 3-A5,A,5,18.2,380,"6,916","3,460",190,okay,7/13/2022,ALB,Eelgrass Patches,48,0.7309,stats collected when caught,
2022,1/16/2025,,276,MHW276,BL3536,3,B5,Plate 3-B5,B,5,19.4,380,"7,372","3,690",190,,7/12/2022,ALB,Cobble Point,40,0.4482,stats collected when caught,
2022,1/16/2025,,277,MHW277,BL3519,3,C5,Plate 3-C5,C,5,36.4,380,"13,832","6,920",190,,7/14/2022,ALB,Laminaria Point,46,0.8554,stats collected when caught,
2022,1/16/2025,,278,MHW278,BL3521,3,D5,Plate 3-D5,D,5,52.6,380,"19,988","9,990",190,,7/14/2022,ALB,Laminaria Point,65,2.4539,stats collected when caught,
2022,1/16/2025,,280,MHW280,BL3520,3,F5,Plate 3-F5,F,5,31.8,380,"12,084","6,040",190,,7/14/2022,ALB,Laminaria Point,49,0.9408,stats collected when caught,
2022,1/16/2025,,281,MHW281,BL3522,3,G5,Plate 3-G5,G,5,29.4,380,"11,172","5,590",190,,7/14/2022,ALB,Laminaria Point,66,2.2672,stats collected when caught,
2022,1/16/2025,,282,MHW282,BL3540,3,H5,Plate 3-H5,H,5,11,380,"4,180","2,090",190,,7/13/2022,ALB,Eelgrass Patches,40,0.4383,stats collected when caught,
2022,1/16/2025,,283,MHW283,BL3526,3,A6,Plate 3-A6,A,6,12.6,380,"4,788","2,390",190,okay,7/14/2022,ALB,Eelgrass Patches,36,0.3232,stats collected when caught,
2022,1/16/2025,,284,MHW284,BL3532,3,B6,Plate 3-B6,B,6,38.6,380,"14,668","7,330",190,,7/13/2022,ALB,Eelgrass Patches,43,0.5564,stats collected when caught,
2022,1/16/2025,,285,MHW285,BL3516,3,C6,Plate 3-C6,C,6,22.6,380,"8,588","4,290",190,,7/14/2022,ALB,Laminaria #1,75,3.4408,"stats collected when caught, total length not collected, estimated from standardl length (standard length was 71)",
2022,1/16/2025,,286,MHW286,BL3518,3,D6,Plate 3-D6,D,6,26.2,380,"9,956","4,980",190,,7/14/2022,ALB,Laminaria Point,59,1.7084,stats collected when caught,
2022,1/16/2025,,287,MHW287,BL3533,3,E6,Plate 3-E6,E,6,25.6,380,"9,728","4,860",190,,7/13/2022,ALB,Eelgrass Patches,36,0.3255,stats collected when caught,
2022,1/16/2025,,288,MHW288,BL3534,3,F6,Plate 3-F6,F,6,26,380,"9,880","4,940",190,,7/12/2022,ALB,Cobble Point,46,0.7691,stats collected when caught,
2019,01/15/2025,,186,MHW186,NA,3,G6,Plate 3-G6,G,6,20.6,380,"7,828","3,910",190,,7/13/19,ALB,Eelgrass Pt Bag 4,56,1.5,,
2019,01/15/2025,,187,MHW187,NA,3,H6,Plate 3-H6,H,6,17.4,380,"6,612","3,310",190,,7/13/19,ALB,Eelgrass Pt Bag 4,48,0.81,,
2019,01/15/2025,,188,MHW188,NA,3,A7,Plate 3-A7,A,7,11.5,380,"4,370","2,190",190,light,7/13/19,ALB,Eelgrass Pt Bag 4,47,0.69,,
2019,01/15/2025,,189,MHW189,NA,3,B7,Plate 3-B7,B,7,20.6,380,"7,828","3,910",190,,7/13/19,ALB,Eelgrass Pt Bag 4,47,0.82,,
2019,01/15/2025,,190,MHW190,NA,3,C7,Plate 3-C7,C,7,35,380,"13,300","6,650",190,,7/13/19,ALB,Eelgrass Pt Bag 4,69,2.98,,
2019,01/15/2025,,191,MHW191,NA,3,D7,Plate 3-D7,D,7,17.8,380,"6,764","3,380",190,,7/13/19,ALB,Eelgrass Pt Bag 4,52,1.11,,
2019,01/15/2025,,192,MHW192,NA,3,E7,Plate 3-E7,E,7,23.4,380,"8,892","4,450",190,,7/13/19,ALB,Eelgrass Pt Bag 4,54,1.15,,
2019,01/15/2025,,193,MHW193,NA,3,F7,Plate 3-F7,F,7,28.2,380,"10,716","5,360",190,,7/13/19,ALB,Eelgrass Pt Bag 4,57,1.34,,
2019,01/15/2025,,194,MHW194,NA,3,G7,Plate 3-G7,G,7,42.2,380,"16,036","8,020",190,,7/13/19,ALB,Eelgrass Pt Bag 4,52,1.22,,
2019,01/15/2025,,195,MHW195,NA,3,H7,Plate 3-H7,H,7,18.9,380,"7,182","3,590",190,,7/13/19,ALB,Eelgrass Pt Bag 4,46,0.68,,
2016,01/15/2025,,219,MHW219,NA,3,A8,Plate 3-A8,A,8,24.2,380,"9,196","4,600",190,,7/17/16,ALB,"Extra site around point from eelgrass patches, bag 2",66,2.35,,
2016,01/15/2025,,220,MHW220,NA,3,B8,Plate 3-B8,B,8,32.6,380,"12,388","6,190",190,,7/17/16,ALB,"Extra site around point from eelgrass patches, bag 2",72,2.73,,2.59
2016,01/15/2025,,221,MHW221,NA,3,C8,Plate 3-C8,C,8,33.4,380,"12,692","6,350",190,,7/17/16,ALB,"Extra site around point from eelgrass patches, bag 2",80,4.23,,3.86
2016,01/15/2025,,222,MHW222,NA,3,D8,Plate 3-D8,D,8,21.4,380,"8,132","4,070",190,,7/17/16,ALB,"Extra site around point from eelgrass patches, bag 2",64,1.94,,1.71
2016,01/15/2025,,223,MHW223,NA,3,E8,Plate 3-E8,E,8,26.4,380,"10,032","5,020",190,,7/17/16,ALB,"Extra site around point from eelgrass patches, bag 2",66,2.29,,2.21
2016,01/15/2025,,224,MHW224,NA,3,F8,Plate 3-F8,F,8,18.2,380,"6,916","3,460",190,,7/17/16,ALB,"Extra site around point from eelgrass patches, bag 2",61,1.73,,
2016,01/15/2025,,225,MHW225,NA,3,G8,Plate 3-G8,G,8,23.2,380,"8,816","4,410",190,,7/17/16,ALB,"Extra site around point from eelgrass patches, bag 2",79,4.15,,4.04
2016,01/15/2025,,226,MHW226,NA,3,H8,Plate 3-H8,H,8,33.2,380,"12,616","6,310",190,,7/17/16,ALB,"Extra site around point from eelgrass patches, bag 2",72,2.79,,
2016,01/15/2025,,227,MHW227,NA,3,A9,Plate 3-A9,A,9,24.2,380,"9,196","4,600",190,,7/17/16,ALB,"Extra site around point from eelgrass patches, bag 2",71,2.6,,
2016,01/15/2025,,228,MHW228,NA,3,B9,Plate 3-B9,B,9,27.2,380,"10,336","5,170",190,,7/17/16,ALB,"Extra site around point from eelgrass patches, bag 2",72,3.27,,
2016,01/15/2025,,229,MHW229,NA,3,C9,Plate 3-C9,C,9,26.6,380,"10,108","5,050",190,,7/17/16,ALB,"Extra site around point from eelgrass patches, bag 2",70,3.19,,2.85
2016,01/15/2025,,230,MHW230,NA,3,D9,Plate 3-D9,D,9,16.1,380,"6,118","3,060",190,,7/17/16,ALB,New eelgrass site - around corner from eelgrass patches,63,1.74,,
2016,01/15/2025,4:50 PM,231,MHW231,NA,3,E9,Plate 3-E9,E,9,40.4,380,"15,352","7,680",190,,7/17/16,ALB,New eelgrass site - around corner from eelgrass patches,58,1.7,,
2016,01/15/2025,,232,MHW232,NA,3,F9,Plate 3-F9,F,9,24.2,380,"9,196","4,600",190,,7/17/16,ALB,New eelgrass site - around corner from eelgrass patches,66,2.01,,
2016,01/15/2025,,233,MHW233,NA,3,G9,Plate 3-G9,G,9,14.2,380,"5,396","2,700",190,,7/17/16,ALB,New eelgrass site - around corner from eelgrass patches,60,1.43,,
2016,01/15/2025,,234,MHW234,NA,3,H9,Plate 3-H9,H,9,59.8,380,"22,724","11,360",190,,7/17/16,ALB,New eelgrass site - around corner from eelgrass patches,72,3.38,,
2016,01/15/2025,,235,MHW235,NA,3,A10,Plate 3-A10,A,10,13.7,380,"5,206","2,600",190,,7/17/16,ALB,New eelgrass site - around corner from eelgrass patches,60,1.89,,
2016,01/15/2025,,236,MHW236,NA,3,B10,Plate 3-B10,B,10,16.2,380,"6,156","3,080",190,,7/17/16,ALB,New eelgrass site - around corner from eelgrass patches,58,1.32,,1.22
2016,01/15/2025,,237,MHW237,NA,3,C10,Plate 3-C10,C,10,15.2,380,"5,776","2,890",190,,7/17/16,ALB,New eelgrass site - around corner from eelgrass patches,75,3.22,,3.05
2016,01/15/2025,,238,MHW238,NA,3,D10,Plate 3-D10,D,10,17,380,"6,460","3,230",190,,7/17/16,ALB,New eelgrass site - around corner from eelgrass patches,69,2.12,,
2016,01/15/2025,,239,MHW239,NA,3,E10,Plate 3-E10,E,10,40.6,380,"15,428","7,710",190,,7/17/16,ALB,New eelgrass site - around corner from eelgrass patches,70,2.48,,
2016,01/15/2025,,240,MHW240,NA,3,F10,Plate 3-F10,F,10,20.2,380,"7,676","3,840",190,,7/17/16,ALB,New eelgrass site - around corner from eelgrass patches,83,5.04,,4.57
2016,01/15/2025,5:13 PM,241,MHW241,NA,3,G10,Plate 3-G10,G,10,25,380,"9,500","4,750",190,,7/17/16,ALB,New eelgrass site - around corner from eelgrass patches,73,3.3,,3.02
2023,1/16/2025,,312,MHW312,BL3191,3,H10,Plate 3-H10,H,10,18.8,380,"7,144","3,570",190,,7/15/23,ALB,,,,stats collected when caught,
2023,1/16/2025,,313,MHW313,BL3190,3,A11,Plate 3-A11,A,11,37.2,380,"14,136","7,070",190,,7/15/23,ALB,,,,stats collected when caught,
2023,1/16/2025,,314,MHW314,BL3189,3,B11,Plate 3-B11,B,11,44.8,380,"17,024","8,510",190,,7/15/23,ALB,,,,stats collected when caught,
2023,1/16/2025,,322,MHW322,,3,B11,Plate 3-B11,B,11,24.2,380,"9,196","4,600",190,,7/17/23,ALB,EG Patches,28,0.15,additional fish 2023,
2023,1/16/2025,,315,MHW315,BL3194,3,C11,Plate 3-C11,C,11,46.4,380,"17,632","8,820",190,,7/15/23,ALB,,,,stats collected when caught,
2023,1/16/2025,,316,MHW316,BL3195,3,D11,Plate 3-D11,D,11,15.5,380,"5,890","2,950",190,,7/15/23,ALB,,,,stats collected when caught,
2023,1/16/2025,,317,MHW317,BL3193,3,E11,Plate 3-E11,E,11,49.4,380,"18,772","9,390",190,,7/15/23,ALB,,,,stats collected when caught,
2023,1/16/2025,,325,MHW325,,3,E11,Plate 3-E11,E,11,11.4,380,"4,332","2,170",190,,7/17/23,ALB,BB Eelgrass,77,4.06,additional fish 2023,
2023,1/16/2025,,318,MHW318,BL3198,3,F11,Plate 3-F11,F,11,4.62,380,"1,756",880,190,,7/15/23,ALB,,,,stats collected when caught,
2023,1/16/2025,,319,MHW319,BL3197,3,G11,Plate 3-G11,G,11,15.5,380,"5,890","2,950",190,,7/15/23,ALB,,,,stats collected when caught,
2023,1/16/2025,,320,MHW320,BL3196,3,H11,Plate 3-H11,H,11,11.6,380,"4,408","2,200",190,,7/15/23,ALB,,,,stats collected when caught,
2023,1/16/2025,,321,MHW321,,3,A12,Plate 3-A12,A,12,9.52,380,"3,618","1,810",190,,7/17/23,ALB,Cobble Pt,30,0.2,additional fish 2023,
2023,1/16/2025,,323,MHW323,,3,C12,Plate 3-C12,C,12,13.7,380,"5,206","2,600",190,,7/17/23,ALB,EG Patches,44,0.65,additional fish 2023,
2023,1/16/2025,,324,MHW324,,3,D12,Plate 3-D12,D,12,17.7,380,"6,726","3,360",190,,7/17/23,ALB,EG Patches,39,0.53,additional fish 2023,
2023,1/16/2025,,326,MHW326,,3,F12,Plate 3-F12,F,12,18.3,380,"6,954","3,480",190,,7/17/23,ALB,BB Eelgrass,71,3.25,additional fish 2023,
2023,1/16/2025,,327,MHW327,,3,G12,Plate 3-G12,G,12,36.8,380,"13,984","6,990",190,,7/17/23,ALB,Lam North,42,0.55,additional fish 2023,
2023,1/16/2025,,328,MHW328,,3,H12,Plate 3-H12,H,12,32.2,380,"12,236","6,120",190,,7/17/23,ALB,Lam North,44,0.51,,
2023,1/16/2025,,329,MHW329,,4,A1,Plate 4-A1,A,1,34.6,380,"13,148","6,570",190,,7/17/23,ALB,Lam North,53,1.27,,
2023,1/16/2025,,330,MHW330,,4,B1,Plate 4-B1,B,1,18.5,380,"7,030","3,520",190,,7/17/23,ALB,Lam North,26,0.1,,
2023,1/16/2025,,331,MHW331,,4,C1,Plate 4-C1,C,1,36.8,380,"13,984","6,990",190,,7/17/23,ALB,Lam North,35,0.29,,
2023,1/16/2025,,332,MHW332,,4,D1,Plate 4-D1,D,1,26.2,380,"9,956","4,980",190,,7/17/23,ALB,Eelgrass pt,59,1.46,pink color,
2023,1/16/2025,,333,MHW333,,4,E1,Plate 4-E1,E,1,25,380,"9,500","4,750",190,,7/17/23,ALB,Eelgrass pt,62,2.26,,
2023,1/16/2025,,334,MHW334,,4,F1,Plate 4-F1,F,1,33.4,380,"12,692","6,350",190,,7/17/23,ALB,Eelgrass pt,38,0.4,kind of pink,
2014,01/15/2025,,156,MHW156,NA,4,G1,Plate 4-G1,G,1,20.2,380,"7,676","3,840",190,,7/16/14,ALB,Lam Pt Bag 1,56,1.27,,
2014,01/15/2025,,157,MHW157,NA,4,H1,Plate 4-H1,H,1,25.4,380,"9,652","4,830",190,,7/16/14,ALB,Lam Pt Bag 1,44,0.52,,
2014,01/15/2025,,158,MHW158,NA,4,A2,Plate 4-A2,A,2,27,380,"10,260","5,130",190,,7/16/14,ALB,Lam Pt Bag 1,52,0.93,,
2014,01/15/2025,,159,MHW159,NA,4,B2,Plate 4-B2,B,2,24,380,"9,120","4,560",190,,7/16/14,ALB,Lam Pt Bag 1,57,1.42,,
2014,01/15/2025,,160,MHW160,NA,4,C2,Plate 4-C2,C,2,37.4,380,"14,212","7,110",190,,7/16/14,ALB,Lam Pt Bag 1,46,0.74,,
2014,01/15/2025,,161,MHW161,NA,4,D2,Plate 4-D2,D,2,31.4,380,"11,932","5,970",190,,7/16/14,ALB,Lam Pt Bag 1,47,0.73,red/orange in color,
2014,01/15/2025,,162,MHW162,NA,4,E2,Plate 4-E2,E,2,41.8,380,"15,884","7,940",190,,7/16/14,ALB,Lam Pt Bag 1,63,1.65,,
2014,01/15/2025,,163,MHW163,NA,4,F2,Plate 4-F2,F,2,26.8,380,"10,184","5,090",190,,7/16/14,ALB,Lam Pt Bag 2,45,0.57,,
2014,01/15/2025,,164,MHW164,NA,4,G2,Plate 4-G2,G,2,37.2,380,"14,136","7,070",190,,7/16/14,ALB,Lam Pt Bag 2,56,1.33,,
2014,01/15/2025,,165,MHW165,NA,4,H2,Plate 4-H2,H,2,36,380,"13,680","6,840",190,,7/16/14,ALB,Lam Pt Bag 2,52,1.17,,
2014,01/15/2025,,166,MHW166,NA,4,A3,Plate 4-A3,A,3,25.4,380,"9,652","4,830",190,,7/16/14,ALB,Lam Pt Bag 2,50,0.58,,
2014,01/15/2025,,167,MHW167,NA,4,B3,Plate 4-B3,B,3,35,380,"13,300","6,650",190,,7/16/14,ALB,Lam Pt Bag 2,56,0.93,,
2014,01/15/2025,,168,MHW168,NA,4,C3,Plate 4-C3,C,3,38.4,380,"14,592","7,300",190,,7/16/14,ALB,Lam Pt Bag 2,55,1.03,,
2014,01/15/2025,,169,MHW169,NA,4,D3,Plate 4-D3,D,3,40.8,380,"15,504","7,750",190,,7/16/14,ALB,Lam Pt Bag 2,58,1.23,,
2014,01/15/2025,,170,MHW170,NA,4,E3,Plate 4-E3,E,3,34.6,380,"13,148","6,570",190,,7/16/14,ALB,Lam Pt Bag 2,49,0.88,,
2014,01/15/2025,,171,MHW171,NA,4,F3,Plate 4-F3,F,3,25,380,"9,500","4,750",190,,7/16/14,ALB,Lam Pt Bag 2,65,1.99,,
2014,01/15/2025,,172,MHW172,NA,4,G3,Plate 4-G3,G,3,24.8,380,"9,424","4,710",190,,7/16/14,ALB,Lam Pt Bag 2,53,1.06,,
2014,01/15/2025,,173,MHW173,NA,4,H3,Plate 4-H3,H,3,27.6,380,"10,488","5,240",190,,7/16/14,ALB,Lam Pt Bag 2,55,1.19,,
2014,01/15/2025,,174,MHW174,NA,4,A4,Plate 4-A4,A,4,37.8,380,"14,364","7,180",190,,7/16/14,ALB,Lam Pt Bag 2,47,0.54,,
2014,01/15/2025,2:11 PM,175,MHW175,NA,4,B4,Plate 4-B4,B,4,35.8,380,"13,604","6,800",190,,7/16/14,ALB,Lam Pt Bag 2,65,2.02,,
2022,1/16/2025,,345,MHW345,,4,C4,Plate 4-C4,C,4,36.6,380,"13,908","6,950",190,,7/14/22,ALB,Eelgrass pt,43,0.57,,
2022,1/16/2025,,346,MHW346,,4,D4,Plate 4-D4,D,4,LOW,380,#VALUE!,#VALUE!,do not send,,7/14/22,ALB,Eelgrass pt,59,1.81,,
2022,1/16/2025,,347,MHW347,,4,E4,Plate 4-E4,E,4,30.2,380,"11,476","5,740",190,,7/14/22,ALB,Eelgrass pt,32,0.21,,
2022,1/16/2025,,348,MHW348,,4,F4,Plate 4-F4,F,4,45.4,380,"17,252","8,630",190,,7/14/22,ALB,Eelgrass pt,56,1.21,,
2022,1/16/2025,,349,MHW349,,4,G4,Plate 4-G4,G,4,37.6,380,"14,288","7,140",190,,7/14/22,ALB,Eelgrass pt,34,0.28,,
2022,1/16/2025,,350,MHW350,,4,H4,Plate 4-H4,H,4,73.8,380,"28,044","14,020",190,,7/14/22,ALB,Eelgrass pt,46,0.73,,
2022,1/16/2025,,351,MHW351,,4,A5,Plate 4-A5,A,5,41.2,380,"15,656","7,830",190,,7/14/22,ALB,Eelgrass pt,55,1.26,,
2022,1/16/2025,,352,MHW352,,4,B5,Plate 4-B5,B,5,31,380,"11,780","5,890",190,,7/14/22,ALB,Eelgrass pt,53,1.11,,
2022,1/16/2025,,353,MHW353,,4,C5,Plate 4-C5,C,5,24.4,380,"9,272","4,640",190,,7/14/22,ALB,Eelgrass pt,43,0.63,,
2008,01/14/2025,,091,MHW091,NA,4,D5,Plate 4-D5,D,5,23.8,380,"9,044","4,520",190,,7/14/08,ALB,Eelgrass Patches,51,0.94,,
2008,01/14/2025,,092,MHW092,NA,4,E5,Plate 4-E5,E,5,11.2,380,"4,256","2,130",190,,7/14/08,ALB,Eelgrass Patches,41,0.26,,
2008,01/14/2025,,093,MHW093,NA,4,F5,Plate 4-F5,F,5,10.8,380,"4,104","2,050",190,,7/14/08,ALB,Eelgrass Patches,35,0.22,,
2008,01/14/2025,,094,MHW094,NA,4,G5,Plate 4-G5,G,5,18,380,"6,840","3,420",190,,7/14/08,ALB,Eelgrass Patches,48,0.7,,
2008,01/14/2025,,095,MHW095,NA,4,H5,Plate 4-H5,H,5,12.8,380,"4,864","2,430",190,,7/14/08,ALB,Eelgrass Patches,29,0.15,,
2008,01/14/2025,,096,MHW096,NA,4,A6,Plate 4-A6,A,6,15.2,380,"5,776","2,890",190,,7/14/08,ALB,Eelgrass Patches,39,0.29,,
2022,1/16/2025,,258,MHW258,BL3528,4,B6,Plate 4-B6,B,6,22.4,380,"8,512","4,260",190,,7/13/2022,ALB,Eelgrass Patches,56,1.4083,stats collected when caught,
2022,1/16/2025,,260,MHW260,BL3530,4,C6,Plate 4-C6,C,6,12.4,380,"4,712","2,360",190,,7/13/2022,ALB,Eelgrass Patches,43,0.5688,stats collected when caught,
2023,1/16/2025,,311,MHW311,BL3192,4,D6,Plate 4-D6,D,6,0.79,380,300,150,380,158,7/15/23,ALB,,,,stats collected when caught,
2022,1/16/2025,,242,MHW242,BL3564,,,Plate -,,,,,,,,,,Cook Bay,,,,DNA not extracted,
2022,1/16/2025,,243,MHW243,BL3567,,,Plate -,,,,,,,,,,Cook Bay,,,,DNA not extracted,
2022,1/16/2025,,244,MHW244,BL3570,,,Plate -,,,,,,,,,,Cook Bay,,,,DNA not extracted,
2022,1/16/2025,,245,MHW245,BL3554,,,Plate -,,,,,,,,,,Cook Bay,,,,DNA not extracted,
2022,1/16/2025,,246,MHW246,BL3558,,,Plate -,,,,,,,,,,Cook Bay,,,,DNA not extracted,
2022,1/16/2025,,247,MHW247,BL3557,,,Plate -,,,,,,,,,,Cook Bay,,,,DNA not extracted,
2022,1/16/2025,,248,MHW248,BL3566,,,Plate -,,,,,,,,,,Cook Bay,,,,DNA not extracted,
2022,1/16/2025,,249,MHW249,BL3569,,,Plate -,,,,,,,,,,Cook Bay,,,,DNA not extracted,
2022,1/16/2025,,250,MHW250,BL3568,,,Plate -,,,,,,,,,,Cook Bay,,,,DNA not extracted,
2022,1/16/2025,,251,MHW251,BL3562,,,Plate -,,,,,,,,,,Cook Bay,,,,DNA not extracted,
2022,1/16/2025,,252,MHW252,BL3559,,,Plate -,,,,,,,,,,Cook Bay,,,,DNA not extracted,
2022,1/16/2025,,253,MHW253,BL3563,,,Plate -,,,,,,,,,,Cook Bay,,,,DNA not extracted,
2022,1/16/2025,,254,MHW254,BL3552,,,Plate -,,,,,,,,,,Cook Bay,,,,DNA not extracted,
2022,1/16/2025,,255,MHW255,BL3550,,,Plate -,,,,,,,,,,Cook Bay,,,,DNA not extracted,
2022,1/16/2025,,256,MHW256,BL3542,,,Plate -,,,,,,,,,,Cook Bay,,,,DNA not extracted,
2022,1/16/2025,,257,MHW257,BL3549,,,Plate -,,,,,,,,,,Cook Bay,,,,DNA not extracted,
2022,1/16/2025,,259,MHW259,BL3565,,,Plate -,,,,,,,,,,Cook Bay,,,,DNA not extracted,
2022,1/16/2025,,261,MHW261,BL3560,,,Plate -,,,,,,,,,,Cook Bay,,,,DNA not extracted,
2022,1/16/2025,,262,MHW262,BL3553,,,Plate -,,,,,,,,,,Cook Bay,,,,DNA not extracted,
2022,1/16/2025,,264,MHW264,BL3555,,,Plate -,,,,,,,,,,Cook Bay,,,,DNA not extracted,
2022,1/16/2025,,266,MHW266,BL3556,,,Plate -,,,,,,,,,,Cook Bay,,,,DNA not extracted,
,,,,,,,,,,,,,,,,,,,,,,,
,,,,,,,,,,,,,,,,,,,,,,,
2008,45,10,,,,,,,,,,,,,,,,,,,,,
2012,44,5,,,,,,,,,,,,,,,,,,,,,
2013,46,5,,,,,,,,,,,,,,,,,,,,,
2014,40,5,,,,,,,,,,,,,,,,,,,,,
2016,46,5,,,,,,,,,,,,,,,,,,,,,
2019,20,5,,,,,,,,,,,,,,,,,,,,,
2021,0,,,,,,,,,,,,,,,,,,,,,,
2022,51,5,,,,,,,,,,,,,,,,,,,,,
2023,46,,,,,,,,,,,,,,,,,,,,,,
,,40,,,,,,,,,,,,,,,,,,,,,
